amfi_code,scheme_name,tracking_error_nifty50,tracking_error_nifty50_percent,tracking_error_nifty100,tracking_error_nifty100_percent,observations
900017,ABSL Large Cap Direct Growth,0.15912722773614857,15.912722773614856,0.1597609117600557,15.97609117600557,783
900015,Axis Sectoral Fund Direct Growth,0.31846766847464775,31.846766847464774,0.31685543234417807,31.685543234417807,783
900038,Mirae Asset Index Fund Direct Growth,0.17949642070222757,17.949642070222758,0.17773708466939797,17.773708466939798,783
900022,HDFC Index Fund Direct Growth,0.17741762334283534,17.741762334283536,0.17553229202344464,17.553229202344465,783
900023,ICICI Sectoral Fund Direct Growth,0.3339942607069723,33.39942607069723,0.3321897241433859,33.21897241433859,783
